{"(0, 0, 0)": [-0.62175909170922, 0.46972356334895826, 0.6892592659892278, 0.5479942609262667, 0.6216901450280086, -1.0, -1.2532826875627523, -1.2130573020949624, -1.2545474461734174, -1.268395225625339], "(0, 0, 1)": [17.138974026335635, -1.249984, -1.248, -1.24992, -1.2496, -1.248, -1.2499999744, -1.249999872, -1.2499968, -1.24992], "(0, 0, 2)": [17.14246640550647, -1.249984, -1.2499968, -1.24999936, -1.2, -1.2400000000000002, -1.249984, -1.2, -1.24999936, -1.2496], "(0, 1, 0)": [0.0, 0.0, 0.0, 0.0, 0.0, 0.0, 0.0, 0.0, 0.0, 0.0], "(0, 1, 1)": [0.0, 0.0, 0.0, 0.0, 0.0, 0.0, 0.0, 0.0, 0.0, 0.0], "(0, 1, 2)": [0.0, 0.0, 0.0, 0.0, 0.0, 0.0, 0.0, 0.0, 0.0, 0.0], "(0, 2, 0)": [0.0, 0.0, 0.0, 0.0, 0.0, 0.0, 0.0, 0.0, 0.0, 0.0], "(0, 2, 1)": [0.0, 0.0, 0.0, 0.0, 0.0, 0.0, 0.0, 0.0, 0.0, 0.0], "(0, 2, 2)": [0.0, 0.0, 0.0, 0.0, 0.0, 0.0, 0.0, 0.0, 0.0, 0.0], "(0, 3, 0)": [0.0, 0.0, 0.0, 0.0, 0.0, 0.0, 0.0, 0.0, 0.0, 0.0], "(0, 3, 1)": [0.0, 0.0, 0.0, 0.0, 0.0, 0.0, 0.0, 0.0, 0.0, 0.0], "(0, 3, 2)": [0.0, 0.0, 0.0, 0.0, 0.0, 0.0, 0.0, 0.0, 0.0, 0.0], "(0, 4, 0)": [0.0, 0.0, 0.0, 0.0, 0.0, 0.0, 0.0, 0.0, 0.0, 0.0], "(0, 4, 1)": [0.0, 0.0, 0.0, 0.0, 0.0, 0.0, 0.0, 0.0, 0.0, 0.0], "(0, 4, 2)": [0.0, 0.0, 0.0, 0.0, 0.0, 0.0, 0.0, 0.0, 0.0, 0.0], "(0, 5, 0)": [0.0, 0.0, 0.0, 0.0, 0.0, -1.3036692914332164, 0.0, 0.0, 0.0, 0.0], "(0, 5, 1)": [0.0, 0.0, 0.0, 0.0, 0.0, 0.0, 0.0, 0.0, 0.0, 0.0], "(0, 5, 2)": [0.0, 0.0, 0.0, 0.0, 0.0, 0.0, 0.0, 0.0, 0.0, 0.0], "(0, 6, 0)": [0.0, 0.0, 0.0, 0.0, 0.0, 0.0, -1.2529758175667212, 0.0, 0.0, 0.0], "(0, 6, 1)": [0.0, 0.0, 0.0, 0.0, 0.0, 0.0, 0.0, 0.0, 0.0, 0.0], "(0, 6, 2)": [0.0, 0.0, 0.0, 0.0, 0.0, 0.0, 0.0, 0.0, 0.0, 0.0], "(0, 7, 0)": [0.0, 0.0, 0.0, 0.0, 0.0, 0.0, 0.0, -1.2660868341391651, 0.0, 0.0], "(0, 7, 1)": [0.0, 0.0, 0.0, 0.0, 0.0, 0.0, 0.0, 0.0, 0.0, 0.0], "(0, 7, 2)": [0.0, 0.0, 0.0, 0.0, 0.0, 0.0, 0.0, 0.0, 0.0, 0.0], "(0, 8, 0)": [0.0, 0.0, 0.0, 0.0, 0.0, 0.0, 0.0, 0.0, -1.252975817566721, 0.0], "(0, 8, 1)": [0.0, 0.0, 0.0, 0.0, 0.0, 0.0, 0.0, 0.0, 0.0, 0.0], "(0, 8, 2)": [0.0, 0.0, 0.0, 0.0, 0.0, 0.0, 0.0, 0.0, 0.0, 0.0], "(0, 9, 0)": [0.0, 0.0, 0.0, 0.0, 0.0, 0.0, 0.0, 0.0, 0.0, -1.2673402028891463], "(0, 9, 1)": [0.0, 0.0, 0.0, 0.0, 0.0, 0.0, 0.0, 0.0, 0.0, 0.0], "(0, 9, 2)": [0.0, 0.0, 0.0, 0.0, 0.0, 0.0, 0.0, 0.0, 0.0, 0.0], "(1, 0, 0)": [17.139482230169282, -1.2496, -1.24999936, -1.2496, -1.2499968, -1.249999872, -1.2499999744, -1.2400000000000002, -1.2400000000000002, -1.2499968], "(1, 0, 1)": [-0.4734794047333175, -1.253001205586558, -1.269350972059654, -1.2577280751192101, -1.2582454989794336, 0.8582350192836372, 0.6856760456760354, -1.2537458629672633, -1.258376229512833, -1.2531384992504966], "(1, 0, 2)": [17.139297169702694, -1.2496, -1.248, -1.248, -1.249984, -1.249984, -1.24992, -1.2496, -1.2400000000000002, -1.24992], "(1, 1, 0)": [0.0, 0.0, 0.0, 0.0, 0.0, 0.0, 0.0, 0.0, 0.0, 0.0], "(1, 1, 1)": [0.0, -1.252975817566721, 0.0, 0.0, 0.0, 0.0, 0.0, 0.0, 0.0, 0.0], "(1, 1, 2)": [0.0, 0.0, 0.0, 0.0, 0.0, 0.0, 0.0, 0.0, 0.0, 0.0], "(1, 2, 0)": [0.0, 0.0, 0.0, 0.0, 0.0, 0.0, 0.0, 0.0, 0.0, 0.0], "(1, 2, 1)": [0.0, 0.0, -1.26813192511782, 0.0, 0.0, 0.0, 0.0, 0.0, 0.0, 0.0], "(1, 2, 2)": [0.0, 0.0, 0.0, 0.0, 0.0, 0.0, 0.0, 0.0, 0.0, 0.0], "(1, 3, 0)": [0.0, 0.0, 0.0, 0.0, 0.0, 0.0, 0.0, 0.0, 0.0, 0.0], "(1, 3, 1)": [0.0, 0.0, 0.0, -1.252975817566721, 0.0, 0.0, 0.0, 0.0, 0.0, 0.0], "(1, 3, 2)": [0.0, 0.0, 0.0, 0.0, 0.0, 0.0, 0.0, 0.0, 0.0, 0.0], "(1, 4, 0)": [0.0, 0.0, 0.0, 0.0, 0.0, 0.0, 0.0, 0.0, 0.0, 0.0], "(1, 4, 1)": [0.0, 0.0, 0.0, 0.0, -1.2566531099325098, 0.0, 0.0, 0.0, 0.0, 0.0], "(1, 4, 2)": [0.0, 0.0, 0.0, 0.0, 0.0, 0.0, 0.0, 0.0, 0.0, 0.0], "(1, 5, 0)": [0.0, 0.0, 0.0, 0.0, 0.0, 0.0, 0.0, 0.0, 0.0, 0.0], "(1, 5, 1)": [0.0, 0.0, 0.0, 0.0, 0.0, 0.0, 0.0, 0.0, 0.0, 0.0], "(1, 5, 2)": [0.0, 0.0, 0.0, 0.0, 0.0, 0.0, 0.0, 0.0, 0.0, 0.0], "(1, 6, 0)": [0.0, 0.0, 0.0, 0.0, 0.0, 0.0, 0.0, 0.0, 0.0, 0.0], "(1, 6, 1)": [0.0, 0.0, 0.0, 0.0, 0.0, 0.0, 0.0, 0.0, 0.0, 0.0], "(1, 6, 2)": [0.0, 0.0, 0.0, 0.0, 0.0, 0.0, 0.0, 0.0, 0.0, 0.0], "(1, 7, 0)": [0.0, 0.0, 0.0, 0.0, 0.0, 0.0, 0.0, 0.0, 0.0, 0.0], "(1, 7, 1)": [0.0, 0.0, 0.0, 0.0, 0.0, 0.0, 0.0, -1.2529758175667212, 0.0, 0.0], "(1, 7, 2)": [0.0, 0.0, 0.0, 0.0, 0.0, 0.0, 0.0, 0.0, 0.0, 0.0], "(1, 8, 0)": [0.0, 0.0, 0.0, 0.0, 0.0, 0.0, 0.0, 0.0, 0.0, 0.0], "(1, 8, 1)": [0.0, 0.0, 0.0, 0.0, 0.0, 0.0, 0.0, 0.0, -1.2568225392696393, 0.0], "(1, 8, 2)": [0.0, 0.0, 0.0, 0.0, 0.0, 0.0, 0.0, 0.0, 0.0, 0.0], "(1, 9, 0)": [0.0, 0.0, 0.0, 0.0, 0.0, 0.0, 0.0, 0.0, 0.0, 0.0], "(1, 9, 1)": [0.0, 0.0, 0.0, 0.0, 0.0, 0.0, 0.0, 0.0, 0.0, -1.2530766769186368], "(1, 9, 2)": [0.0, 0.0, 0.0, 0.0, 0.0, 0.0, 0.0, 0.0, 0.0, 0.0], "(2, 0, 0)": [17.140388360931144, -1.24992, -1.24999936, -1.248, -1.249984, -1.24999936, -1.2400000000000002, -1.2496, -1.24992, -1.249984], "(2, 0, 1)": [-0.2400999661158263, -1.2620378163469774, -1.253760203727209, -1.2567695885544061, -1.257281925687282, -1.2558642641593565, -1.2546533559194009, 0.8400456761649131, 1.1649900253206713, 0.8962761928667583], "(2, 0, 2)": [17.13921919170188, -1.2400000000000002, -1.2496, -1.24999936, -1.249984, -1.2496, -1.2499968, -1.24992, -1.2499968, -1.248], "(2, 1, 0)": [0.0, 0.0, 0.0, 0.0, 0.0, 0.0, 0.0, 0.0, 0.0, 0.0], "(2, 1, 1)": [0.0, -1.2626054224250325, 0.0, 0.0, 0.0, 0.0, 0.0, 0.0, 0.0, 0.0], "(2, 1, 2)": [0.0, 0.0, 0.0, 0.0, 0.0, 0.0, 0.0, 0.0, 0.0, 0.0], "(2, 2, 0)": [0.0, 0.0, 0.0, 0.0, 0.0, 0.0, 0.0, 0.0, 0.0, 0.0], "(2, 2, 1)": [0.0, 0.0, -1.2529758175667207, 0.0, 0.0, 0.0, 0.0, 0.0, 0.0, 0.0], "(2, 2, 2)": [0.0, 0.0, 0.0, 0.0, 0.0, 0.0, 0.0, 0.0, 0.0, 0.0], "(2, 3, 0)": [0.0, 0.0, 0.0, 0.0, 0.0, 0.0, 0.0, 0.0, 0.0, 0.0], "(2, 3, 1)": [0.0, 0.0, 0.0, -1.2529758175667207, 0.0, 0.0, 0.0, 0.0, 0.0, 0.0], "(2, 3, 2)": [0.0, 0.0, 0.0, 0.0, 0.0, 0.0, 0.0, 0.0, 0.0, 0.0], "(2, 4, 0)": [0.0, 0.0, 0.0, 0.0, 0.0, 0.0, 0.0, 0.0, 0.0, 0.0], "(2, 4, 1)": [0.0, 0.0, 0.0, 0.0, -1.256384352021275, 0.0, 0.0, 0.0, 0.0, 0.0], "(2, 4, 2)": [0.0, 0.0, 0.0, 0.0, 0.0, 0.0, 0.0, 0.0, 0.0, 0.0], "(2, 5, 0)": [0.0, 0.0, 0.0, 0.0, 0.0, 0.0, 0.0, 0.0, 0.0, 0.0], "(2, 5, 1)": [0.0, 0.0, 0.0, 0.0, 0.0, -1.2529758175667212, 0.0, 0.0, 0.0, 0.0], "(2, 5, 2)": [0.0, 0.0, 0.0, 0.0, 0.0, 0.0, 0.0, 0.0, 0.0, 0.0], "(2, 6, 0)": [0.0, 0.0, 0.0, 0.0, 0.0, 0.0, 0.0, 0.0, 0.0, 0.0], "(2, 6, 1)": [0.0, 0.0, 0.0, 0.0, 0.0, 0.0, -1.2529758175667207, 0.0, 0.0, 0.0], "(2, 6, 2)": [0.0, 0.0, 0.0, 0.0, 0.0, 0.0, 0.0, 0.0, 0.0, 0.0], "(2, 7, 0)": [0.0, 0.0, 0.0, 0.0, 0.0, 0.0, 0.0, 0.0, 0.0, 0.0], "(2, 7, 1)": [0.0, 0.0, 0.0, 0.0, 0.0, 0.0, 0.0, 0.0, 0.0, 0.0], "(2, 7, 2)": [0.0, 0.0, 0.0, 0.0, 0.0, 0.0, 0.0, 0.0, 0.0, 0.0], "(2, 8, 0)": [0.0, 0.0, 0.0, 0.0, 0.0, 0.0, 0.0, 0.0, 0.0, 0.0], "(2, 8, 1)": [0.0, 0.0, 0.0, 0.0, 0.0, 0.0, 0.0, 0.0, 0.0, 0.0], "(2, 8, 2)": [0.0, 0.0, 0.0, 0.0, 0.0, 0.0, 0.0, 0.0, 0.0, 0.0], "(2, 9, 0)": [0.0, 0.0, 0.0, 0.0, 0.0, 0.0, 0.0, 0.0, 0.0, 0.0], "(2, 9, 1)": [0.0, 0.0, 0.0, 0.0, 0.0, 0.0, 0.0, 0.0, 0.0, 0.0], "(2, 9, 2)": [0.0, 0.0, 0.0, 0.0, 0.0, 0.0, 0.0, 0.0, 0.0, 0.0]}