{
  "(0, 0, 0)": [
    -0.910087000571982,
    0.469729575886914,
    0.6892592659892278,
    0.43842346784295533,
    0.6216902086687144,
    -1.0,
    -1.0,
    -1.0,
    -1.0,
    -1.0
  ],
  "(0, 0, 1)": [
    17.13880145233621,
    -1.24992,
    -1.24992,
    -1.24992,
    -1.249984,
    -1.249984,
    -1.249984,
    -1.249984,
    -1.249984,
    -1.249984
  ],
  "(0, 0, 2)": [
    17.139166732431583,
    -1.248,
    -1.248,
    -1.248,
    -1.248,
    -1.2496,
    -1.2496,
    -1.2496,
    -1.2496,
    -1.2496
  ],
  "(0, 1, 0)": [
    0.0,
    0.0,
    0.0,
    0.0,
    0.0,
    0.0,
    0.0,
    0.0,
    0.0,
    0.0
  ],
  "(0, 1, 1)": [
    0.0,
    0.0,
    0.0,
    0.0,
    0.0,
    0.0,
    0.0,
    0.0,
    0.0,
    0.0
  ],
  "(0, 1, 2)": [
    0.0,
    0.0,
    0.0,
    0.0,
    0.0,
    0.0,
    0.0,
    0.0,
    0.0,
    0.0
  ],
  "(0, 2, 0)": [
    0.0,
    0.0,
    0.0,
    0.0,
    0.0,
    0.0,
    0.0,
    0.0,
    0.0,
    0.0
  ],
  "(0, 2, 1)": [
    0.0,
    0.0,
    0.0,
    0.0,
    0.0,
    0.0,
    0.0,
    0.0,
    0.0,
    0.0
  ],
  "(0, 2, 2)": [
    0.0,
    0.0,
    0.0,
    0.0,
    0.0,
    0.0,
    0.0,
    0.0,
    0.0,
    0.0
  ],
  "(0, 3, 0)": [
    0.0,
    0.0,
    0.0,
    0.0,
    0.0,
    0.0,
    0.0,
    0.0,
    0.0,
    0.0
  ],
  "(0, 3, 1)": [
    0.0,
    0.0,
    0.0,
    0.0,
    0.0,
    0.0,
    0.0,
    0.0,
    0.0,
    0.0
  ],
  "(0, 3, 2)": [
    0.0,
    0.0,
    0.0,
    0.0,
    0.0,
    0.0,
    0.0,
    0.0,
    0.0,
    0.0
  ],
  "(0, 4, 0)": [
    0.0,
    0.0,
    0.0,
    0.0,
    0.0,
    0.0,
    0.0,
    0.0,
    0.0,
    0.0
  ],
  "(0, 4, 1)": [
    0.0,
    0.0,
    0.0,
    0.0,
    0.0,
    0.0,
    0.0,
    0.0,
    0.0,
    0.0
  ],
  "(0, 4, 2)": [
    0.0,
    0.0,
    0.0,
    0.0,
    0.0,
    0.0,
    0.0,
    0.0,
    0.0,
    0.0
  ],
  "(0, 5, 0)": [
    0.0,
    0.0,
    0.0,
    0.0,
    0.0,
    -1.3029463856171972,
    0.0,
    0.0,
    0.0,
    0.0
  ],
  "(0, 5, 1)": [
    0.0,
    0.0,
    0.0,
    0.0,
    0.0,
    0.0,
    0.0,
    0.0,
    0.0,
    0.0
  ],
  "(0, 5, 2)": [
    0.0,
    0.0,
    0.0,
    0.0,
    0.0,
    0.0,
    0.0,
    0.0,
    0.0,
    0.0
  ],
  "(0, 6, 0)": [
    0.0,
    0.0,
    0.0,
    0.0,
    0.0,
    0.0,
    -1.3072612113292097,
    0.0,
    0.0,
    0.0
  ],
  "(0, 6, 1)": [
    0.0,
    0.0,
    0.0,
    0.0,
    0.0,
    0.0,
    0.0,
    0.0,
    0.0,
    0.0
  ],
  "(0, 6, 2)": [
    0.0,
    0.0,
    0.0,
    0.0,
    0.0,
    0.0,
    0.0,
    0.0,
    0.0,
    0.0
  ],
  "(0, 7, 0)": [
    0.0,
    0.0,
    0.0,
    0.0,
    0.0,
    0.0,
    0.0,
    -1.2999982008176945,
    0.0,
    0.0
  ],
  "(0, 7, 1)": [
    0.0,
    0.0,
    0.0,
    0.0,
    0.0,
    0.0,
    0.0,
    0.0,
    0.0,
    0.0
  ],
  "(0, 7, 2)": [
    0.0,
    0.0,
    0.0,
    0.0,
    0.0,
    0.0,
    0.0,
    0.0,
    0.0,
    0.0
  ],
  "(0, 8, 0)": [
    0.0,
    0.0,
    0.0,
    0.0,
    0.0,
    0.0,
    0.0,
    0.0,
    -1.2848872343261828,
    0.0
  ],
  "(0, 8, 1)": [
    0.0,
    0.0,
    0.0,
    0.0,
    0.0,
    0.0,
    0.0,
    0.0,
    0.0,
    0.0
  ],
  "(0, 8, 2)": [
    0.0,
    0.0,
    0.0,
    0.0,
    0.0,
    0.0,
    0.0,
    0.0,
    0.0,
    0.0
  ],
  "(0, 9, 0)": [
    0.0,
    0.0,
    0.0,
    0.0,
    0.0,
    0.0,
    0.0,
    0.0,
    0.0,
    -1.3102771049379611
  ],
  "(0, 9, 1)": [
    0.0,
    0.0,
    0.0,
    0.0,
    0.0,
    0.0,
    0.0,
    0.0,
    0.0,
    0.0
  ],
  "(0, 9, 2)": [
    0.0,
    0.0,
    0.0,
    0.0,
    0.0,
    0.0,
    0.0,
    0.0,
    0.0,
    0.0
  ],
  "(1, 0, 0)": [
    17.13891010890135,
    -1.2496,
    -1.2496,
    -1.2496,
    -1.2496,
    -1.2496,
    -1.2496,
    -1.2496,
    -1.2496,
    -1.24992
  ],
  "(1, 0, 1)": [
    -0.4750589636004956,
    -1.0,
    -1.0,
    -1.0,
    -1.0,
    0.8582350192836371,
    0.6856760462152728,
    -1.0,
    -1.0,
    -1.0
  ],
  "(1, 0, 2)": [
    17.1391233619533,
    -1.248,
    -1.248,
    -1.248,
    -1.248,
    -1.2496,
    -1.2496,
    -1.2496,
    -1.2496,
    -1.2496
  ],
  "(1, 1, 0)": [
    0.0,
    0.0,
    0.0,
    0.0,
    0.0,
    0.0,
    0.0,
    0.0,
    0.0,
    0.0
  ],
  "(1, 1, 1)": [
    0.0,
    -1.30300163224533,
    0.0,
    0.0,
    0.0,
    0.0,
    0.0,
    0.0,
    0.0,
    0.0
  ],
  "(1, 1, 2)": [
    0.0,
    0.0,
    0.0,
    0.0,
    0.0,
    0.0,
    0.0,
    0.0,
    0.0,
    0.0
  ],
  "(1, 2, 0)": [
    0.0,
    0.0,
    0.0,
    0.0,
    0.0,
    0.0,
    0.0,
    0.0,
    0.0,
    0.0
  ],
  "(1, 2, 1)": [
    0.0,
    0.0,
    -1.3078030991593659,
    0.0,
    0.0,
    0.0,
    0.0,
    0.0,
    0.0,
    0.0
  ],
  "(1, 2, 2)": [
    0.0,
    0.0,
    0.0,
    0.0,
    0.0,
    0.0,
    0.0,
    0.0,
    0.0,
    0.0
  ],
  "(1, 3, 0)": [
    0.0,
    0.0,
    0.0,
    0.0,
    0.0,
    0.0,
    0.0,
    0.0,
    0.0,
    0.0
  ],
  "(1, 3, 1)": [
    0.0,
    0.0,
    0.0,
    -1.3092123969184928,
    0.0,
    0.0,
    0.0,
    0.0,
    0.0,
    0.0
  ],
  "(1, 3, 2)": [
    0.0,
    0.0,
    0.0,
    0.0,
    0.0,
    0.0,
    0.0,
    0.0,
    0.0,
    0.0
  ],
  "(1, 4, 0)": [
    0.0,
    0.0,
    0.0,
    0.0,
    0.0,
    0.0,
    0.0,
    0.0,
    0.0,
    0.0
  ],
  "(1, 4, 1)": [
    0.0,
    0.0,
    0.0,
    0.0,
    -1.3087797191717296,
    0.0,
    0.0,
    0.0,
    0.0,
    0.0
  ],
  "(1, 4, 2)": [
    0.0,
    0.0,
    0.0,
    0.0,
    0.0,
    0.0,
    0.0,
    0.0,
    0.0,
    0.0
  ],
  "(1, 5, 0)": [
    0.0,
    0.0,
    0.0,
    0.0,
    0.0,
    0.0,
    0.0,
    0.0,
    0.0,
    0.0
  ],
  "(1, 5, 1)": [
    0.0,
    0.0,
    0.0,
    0.0,
    0.0,
    0.0,
    0.0,
    0.0,
    0.0,
    0.0
  ],
  "(1, 5, 2)": [
    0.0,
    0.0,
    0.0,
    0.0,
    0.0,
    0.0,
    0.0,
    0.0,
    0.0,
    0.0
  ],
  "(1, 6, 0)": [
    0.0,
    0.0,
    0.0,
    0.0,
    0.0,
    0.0,
    0.0,
    0.0,
    0.0,
    0.0
  ],
  "(1, 6, 1)": [
    0.0,
    0.0,
    0.0,
    0.0,
    0.0,
    0.0,
    0.0,
    0.0,
    0.0,
    0.0
  ],
  "(1, 6, 2)": [
    0.0,
    0.0,
    0.0,
    0.0,
    0.0,
    0.0,
    0.0,
    0.0,
    0.0,
    0.0
  ],
  "(1, 7, 0)": [
    0.0,
    0.0,
    0.0,
    0.0,
    0.0,
    0.0,
    0.0,
    0.0,
    0.0,
    0.0
  ],
  "(1, 7, 1)": [
    0.0,
    0.0,
    0.0,
    0.0,
    0.0,
    0.0,
    0.0,
    -1.3116200471112505,
    0.0,
    0.0
  ],
  "(1, 7, 2)": [
    0.0,
    0.0,
    0.0,
    0.0,
    0.0,
    0.0,
    0.0,
    0.0,
    0.0,
    0.0
  ],
  "(1, 8, 0)": [
    0.0,
    0.0,
    0.0,
    0.0,
    0.0,
    0.0,
    0.0,
    0.0,
    0.0,
    0.0
  ],
  "(1, 8, 1)": [
    0.0,
    0.0,
    0.0,
    0.0,
    0.0,
    0.0,
    0.0,
    0.0,
    -1.3109766879755225,
    0.0
  ],
  "(1, 8, 2)": [
    0.0,
    0.0,
    0.0,
    0.0,
    0.0,
    0.0,
    0.0,
    0.0,
    0.0,
    0.0
  ],
  "(1, 9, 0)": [
    0.0,
    0.0,
    0.0,
    0.0,
    0.0,
    0.0,
    0.0,
    0.0,
    0.0,
    0.0
  ],
  "(1, 9, 1)": [
    0.0,
    0.0,
    0.0,
    0.0,
    0.0,
    0.0,
    0.0,
    0.0,
    0.0,
    -1.3094611347157743
  ],
  "(1, 9, 2)": [
    0.0,
    0.0,
    0.0,
    0.0,
    0.0,
    0.0,
    0.0,
    0.0,
    0.0,
    0.0
  ],
  "(2, 0, 0)": [
    17.139175994562418,
    -1.248,
    -1.248,
    -1.248,
    -1.248,
    -1.2496,
    -1.248,
    -1.2496,
    -1.2496,
    -1.2496
  ],
  "(2, 0, 1)": [
    -1.3606834564913055,
    -1.0,
    -1.0,
    -1.0,
    -1.0,
    -1.0,
    -1.0,
    0.8413919032089463,
    1.1649900253206713,
    0.8965630930565364
  ],
  "(2, 0, 2)": [
    17.140454441393747,
    -1.2400000000000002,
    -1.2400000000000002,
    -1.2400000000000002,
    -1.248,
    -1.2400000000000002,
    -1.248,
    -1.248,
    -1.248,
    -1.248
  ],
  "(2, 1, 0)": [
    0.0,
    0.0,
    0.0,
    0.0,
    0.0,
    0.0,
    0.0,
    0.0,
    0.0,
    0.0
  ],
  "(2, 1, 1)": [
    0.0,
    -1.298211329516946,
    0.0,
    0.0,
    0.0,
    0.0,
    0.0,
    0.0,
    0.0,
    0.0
  ],