{"(0, 0, 0)": [-1.25, 0.4697295758844513, 0.6892592659892277, 0.43842346784295533, 0.6216902085872282, -1.0, -1.0, -1.0, -1.0, -1.0], "(0, 0, 1)": [23.404333839076738, -1.248, -1.248, -1.248, -1.248, -1.248, -1.2496, -1.2496, -1.2496, -1.2496], "(0, 0, 2)": [17.509139839838955, -1.248, -1.248, -1.248, -1.248, -1.248, -1.2496, -1.248, -1.2496, -1.2496], "(0, 1, 0)": [0.0, 0.0, 0.0, 0.0, 0.0, 0.0, 0.0, 0.0, 0.0, 0.0], "(0, 1, 1)": [0.0, 0.0, 0.0, 0.0, 0.0, 0.0, 0.0, 0.0, 0.0, 0.0], "(0, 1, 2)": [0.0, 0.0, 0.0, 0.0, 0.0, 0.0, 0.0, 0.0, 0.0, 0.0], "(0, 2, 0)": [0.0, 0.0, 0.0, 0.0, 0.0, 0.0, 0.0, 0.0, 0.0, 0.0], "(0, 2, 1)": [0.0, 0.0, 0.0, 0.0, 0.0, 0.0, 0.0, 0.0, 0.0, 0.0], "(0, 2, 2)": [0.0, 0.0, 0.0, 0.0, 0.0, 0.0, 0.0, 0.0, 0.0, 0.0], "(0, 3, 0)": [0.0, 0.0, 0.0, 0.0, 0.0, 0.0, 0.0, 0.0, 0.0, 0.0], "(0, 3, 1)": [0.0, 0.0, 0.0, 0.0, 0.0, 0.0, 0.0, 0.0, 0.0, 0.0], "(0, 3, 2)": [0.0, 0.0, 0.0, 0.0, 0.0, 0.0, 0.0, 0.0, 0.0, 0.0], "(0, 4, 0)": [0.0, 0.0, 0.0, 0.0, 0.0, 0.0, 0.0, 0.0, 0.0, 0.0], "(0, 4, 1)": [0.0, 0.0, 0.0, 0.0, 0.0, 0.0, 0.0, 0.0, 0.0, 0.0], "(0, 4, 2)": [0.0, 0.0, 0.0, 0.0, 0.0, 0.0, 0.0, 0.0, 0.0, 0.0], "(0, 5, 0)": [0.0, 0.0, 0.0, 0.0, 0.0, -1.25, 0.0, 0.0, 0.0, 0.0], "(0, 5, 1)": [0.0, 0.0, 0.0, 0.0, 0.0, 0.0, 0.0, 0.0, 0.0, 0.0], "(0, 5, 2)": [0.0, 0.0, 0.0, 0.0, 0.0, 0.0, 0.0, 0.0, 0.0, 0.0], "(0, 6, 0)": [0.0, 0.0, 0.0, 0.0, 0.0, 0.0, -1.25, 0.0, 0.0, 0.0], "(0, 6, 1)": [0.0, 0.0, 0.0, 0.0, 0.0, 0.0, 0.0, 0.0, 0.0, 0.0], "(0, 6, 2)": [0.0, 0.0, 0.0, 0.0, 0.0, 0.0, 0.0, 0.0, 0.0, 0.0], "(0, 7, 0)": [0.0, 0.0, 0.0, 0.0, 0.0, 0.0, 0.0, -1.25, 0.0, 0.0], "(0, 7, 1)": [0.0, 0.0, 0.0, 0.0, 0.0, 0.0, 0.0, 0.0, 0.0, 0.0], "(0, 7, 2)": [0.0, 0.0, 0.0, 0.0, 0.0, 0.0, 0.0, 0.0, 0.0, 0.0], "(0, 8, 0)": [0.0, 0.0, 0.0, 0.0, 0.0, 0.0, 0.0, 0.0, -1.25, 0.0], "(0, 8, 1)": [0.0, 0.0, 0.0, 0.0, 0.0, 0.0, 0.0, 0.0, 0.0, 0.0], "(0, 8, 2)": [0.0, 0.0, 0.0, 0.0, 0.0, 0.0, 0.0, 0.0, 0.0, 0.0], "(0, 9, 0)": [0.0, 0.0, 0.0, 0.0, 0.0, 0.0, 0.0, 0.0, 0.0, -1.25], "(0, 9, 1)": [0.0, 0.0, 0.0, 0.0, 0.0, 0.0, 0.0, 0.0, 0.0, 0.0], "(0, 9, 2)": [0.0, 0.0, 0.0, 0.0, 0.0, 0.0, 0.0, 0.0, 0.0, 0.0], "(1, 0, 0)": [23.854424703280845, -1.248, -1.248, -1.248, -1.248, -1.248, -1.248, -1.248, -1.2496, -1.2496], "(1, 0, 1)": [-1.25, -1.2400000000000002, -1.2400000000000002, -1.2400000000000002, -1.2400000000000002, 0.8582350192836372, 0.685676046237705, -1.2400000000000002, -1.248, -1.248], "(1, 0, 2)": [23.79746612283481, -1.2496, -1.2496, -1.2496, -1.2496, -1.2496, -1.2496, -1.2496, -1.2496, -1.24992], "(1, 1, 0)": [0.0, 0.0, 0.0, 0.0, 0.0, 0.0, 0.0, 0.0, 0.0, 0.0], "(1, 1, 1)": [0.0, -1.25, 0.0, 0.0, 0.0, 0.0, 0.0, 0.0, 0.0, 0.0], "(1, 1, 2)": [0.0, 0.0, 0.0, 0.0, 0.0, 0.0, 0.0, 0.0, 0.0, 0.0], "(1, 2, 0)": [0.0, 0.0, 0.0, 0.0, 0.0, 0.0, 0.0, 0.0, 0.0, 0.0], "(1, 2, 1)": [0.0, 0.0, -1.25, 0.0, 0.0, 0.0, 0.0, 0.0, 0.0, 0.0], "(1, 2, 2)": [0.0, 0.0, 0.0, 0.0, 0.0, 0.0, 0.0, 0.0, 0.0, 0.0], "(1, 3, 0)": [0.0, 0.0, 0.0, 0.0, 0.0, 0.0, 0.0, 0.0, 0.0, 0.0], "(1, 3, 1)": [0.0, 0.0, 0.0, -1.25, 0.0, 0.0, 0.0, 0.0, 0.0, 0.0], "(1, 3, 2)": [0.0, 0.0, 0.0, 0.0, 0.0, 0.0, 0.0, 0.0, 0.0, 0.0], "(1, 4, 0)": [0.0, 0.0, 0.0, 0.0, 0.0, 0.0, 0.0, 0.0, 0.0, 0.0], "(1, 4, 1)": [0.0, 0.0, 0.0, 0.0, -1.25, 0.0, 0.0, 0.0, 0.0, 0.0], "(1, 4, 2)": [0.0, 0.0, 0.0, 0.0, 0.0, 0.0, 0.0, 0.0, 0.0, 0.0], "(1, 5, 0)": [0.0, 0.0, 0.0, 0.0, 0.0, 0.0, 0.0, 0.0, 0.0, 0.0], "(1, 5, 1)": [0.0, 0.0, 0.0, 0.0, 0.0, 0.0, 0.0, 0.0, 0.0, 0.0], "(1, 5, 2)": [0.0, 0.0, 0.0, 0.0, 0.0, 0.0, 0.0, 0.0, 0.0, 0.0], "(1, 6, 0)": [0.0, 0.0, 0.0, 0.0, 0.0, 0.0, 0.0, 0.0, 0.0, 0.0], "(1, 6, 1)": [0.0, 0.0, 0.0, 0.0, 0.0, 0.0, 0.0, 0.0, 0.0, 0.0], "(1, 6, 2)": [0.0, 0.0, 0.0, 0.0, 0.0, 0.0, 0.0, 0.0, 0.0, 0.0], "(1, 7, 0)": [0.0, 0.0, 0.0, 0.0, 0.0, 0.0, 0.0, 0.0, 0.0, 0.0], "(1, 7, 1)": [0.0, 0.0, 0.0, 0.0, 0.0, 0.0, 0.0, -1.25, 0.0, 0.0], "(1, 7, 2)": [0.0, 0.0, 0.0, 0.0, 0.0, 0.0, 0.0, 0.0, 0.0, 0.0], "(1, 8, 0)": [0.0, 0.0, 0.0, 0.0, 0.0, 0.0, 0.0, 0.0, 0.0, 0.0], "(1, 8, 1)": [0.0, 0.0, 0.0, 0.0, 0.0, 0.0, 0.0, 0.0, -1.25, 0.0], "(1, 8, 2)": [0.0, 0.0, 0.0, 0.0, 0.0, 0.0, 0.0, 0.0, 0.0, 0.0], "(1, 9, 0)": [0.0, 0.0, 0.0, 0.0, 0.0, 0.0, 0.0, 0.0, 0.0, 0.0], "(1, 9, 1)": [0.0, 0.0, 0.0, 0.0, 0.0, 0.0, 0.0, 0.0, 0.0, -1.25], "(1, 9, 2)": [0.0, 0.0, 0.0, 0.0, 0.0, 0.0, 0.0, 0.0, 0.0, 0.0], "(2, 0, 0)": [24.982626372998002, -1.2400000000000002, -1.248, -1.248, -1.248, -1.248, -1.2496, -1.2496, -1.2496, -1.2496], "(2, 0, 1)": [-1.25, -1.0, -1.0, -1.0, -1.0, -1.0, -1.0, 0.8413919031824784, 1.1649900253206713, 0.8965630930565361], "(2, 0, 2)": [17.302211243975435, -1.248, -1.248, -1.248, -1.248, -1.2496, -1.248, -1.2496, -1.2496, -1.2496], "(2, 1, 0)": [0.0, 0.0, 0.0, 0.0, 0.0, 0.0, 0.0, 0.0, 0.0, 0.0], "(2, 1, 1)": [0.0, -1.25, 0.0, 0.0, 0.0, 0.0, 0.0, 0.0, 0.0, 0.0], "(2, 1, 2)": [0.0, 0.0, 0.0, 0.0, 0.0, 0.0, 0.0, 0.0, 0.0, 0.0], "(2, 2, 0)": [0.0, 0.0, 0.0, 0.0, 0.0, 0.0, 0.0, 0.0, 0.0, 0.0], "(2, 2, 1)": [0.0, 0.0, -1.25, 0.0, 0.0, 0.0, 0.0, 0.0, 0.0, 0.0], "(2, 2, 2)": [0.0, 0.0, 0.0, 0.0, 0.0, 0.0, 0.0, 0.0, 0.0, 0.0], "(2, 3, 0)": [0.0, 0.0, 0.0, 0.0, 0.0, 0.0, 0.0, 0.0, 0.0, 0.0], "(2, 3, 1)": [0.0, 0.0, 0.0, -1.25, 0.0, 0.0, 0.0, 0.0, 0.0, 0.0], "(2, 3, 2)": [0.0, 0.0, 0.0, 0.0, 0.0, 0.0, 0.0, 0.0, 0.0, 0.0], "(2, 4, 0)": [0.0, 0.0, 0.0, 0.0, 0.0, 0.0, 0.0, 0.0, 0.0, 0.0], "(2, 4, 1)": [0.0, 0.0, 0.0, 0.0, -1.25, 0.0, 0.0, 0.0, 0.0, 0.0], "(2, 4, 2)": [0.0, 0.0, 0.0, 0.0, 0.0, 0.0, 0.0, 0.0, 0.0, 0.0], "(2, 5, 0)": [0.0, 0.0, 0.0, 0.0, 0.0, 0.0, 0.0, 0.0, 0.0, 0.0], "(2, 5, 1)": [0.0, 0.0, 0.0, 0.0, 0.0, -1.25, 0.0, 0.0, 0.0, 0.0], "(2, 5, 2)": [0.0, 0.0, 0.0, 0.0, 0.0, 0.0, 0.0, 0.0, 0.0, 0.0], "(2, 6, 0)": [0.0, 0.0, 0.0, 0.0, 0.0, 0.0, 0.0, 0.0, 0.0, 0.0], "(2, 6, 1)": [0.0, 0.0, 0.0, 0.0, 0.0, 0.0, -1.25, 0.0, 0.0, 0.0], "(2, 6, 2)": [0.0, 0.0, 0.0, 0.0, 0.0, 0.0, 0.0, 0.0, 0.0, 0.0], "(2, 7, 0)": [0.0, 0.0, 0.0, 0.0, 0.0, 0.0, 0.0, 0.0, 0.0, 0.0], "(2, 7, 1)": [0.0, 0.0, 0.0, 0.0, 0.0, 0.0, 0.0, 0.0, 0.0, 0.0], "(2, 7, 2)": [0.0, 0.0, 0.0, 0.0, 0.0, 0.0, 0.0, 0.0, 0.0, 0.0], "(2, 8, 0)": [0.0, 0.0, 0.0, 0.0, 0.0, 0.0, 0.0, 0.0, 0.0, 0.0], "(2, 8, 1)": [0.0, 0.0, 0.0, 0.0, 0.0, 0.0, 0.0, 0.0, 0.0, 0.0], "(2, 8, 2)": [0.0, 0.0, 0.0, 0.0, 0.0, 0.0, 0.0, 0.0, 0.0, 0.0], "(2, 9, 0)": [0.0, 0.0, 0.0, 0.0, 0.0, 0.0, 0.0, 0.0, 0.0, 0.0], "(2, 9, 1)": [0.0, 0.0, 0.0, 0.0, 0.0, 0.0, 0.0, 0.0, 0.0, 0.0], "(2, 9, 2)": [0.0, 0.0, 0.0, 0.0, 0.0, 0.0, 0.0, 0.0, 0.0, 0.0]}