{"(0, 0, 0)": [-0.5952363094735709, 0.46972356334895826, 0.6892592659892278, 0.5479942609262667, 0.6167166870195733, -0.6595408329523589, -0.6594125785335581, -0.8066756565193127, -0.8497661850045346, -0.8138947151477807], "(0, 0, 1)": [24.99999996851532, -1.248, -1.2496, -1.2496, -1.249999998976, -1.2496, -1.2400000000000002, -1.249984, -1.2496, -1.2499968], "(0, 0, 2)": [24.9999999012574, -1.2499968, -1.249984, -1.2496, -1.2, -1.2496, -1.2499968, -1.24992, -1.2496, -1.2499968], "(0, 1, 0)": [0.0, 0.0, 0.0, 0.0, 0.0, 0.0, 0.0, 0.0, 0.0, 0.0], "(0, 1, 1)": [0.0, 0.0, 0.0, 0.0, 0.0, 0.0, 0.0, 0.0, 0.0, 0.0], "(0, 1, 2)": [0.0, 0.0, 0.0, 0.0, 0.0, 0.0, 0.0, 0.0, 0.0, 0.0], "(0, 2, 0)": [0.0, 0.0, 0.0, 0.0, 0.0, 0.0, 0.0, 0.0, 0.0, 0.0], "(0, 2, 1)": [0.0, 0.0, 0.0, 0.0, 0.0, 0.0, 0.0, 0.0, 0.0, 0.0], "(0, 2, 2)": [0.0, 0.0, 0.0, 0.0, 0.0, 0.0, 0.0, 0.0, 0.0, 0.0], "(0, 3, 0)": [0.0, 0.0, 0.0, 0.0, 0.0, 0.0, 0.0, 0.0, 0.0, 0.0], "(0, 3, 1)": [0.0, 0.0, 0.0, 0.0, 0.0, 0.0, 0.0, 0.0, 0.0, 0.0], "(0, 3, 2)": [0.0, 0.0, 0.0, 0.0, 0.0, 0.0, 0.0, 0.0, 0.0, 0.0], "(0, 4, 0)": [0.0, 0.0, 0.0, 0.0, 0.0, 0.0, 0.0, 0.0, 0.0, 0.0], "(0, 4, 1)": [0.0, 0.0, 0.0, 0.0, 0.0, 0.0, 0.0, 0.0, 0.0, 0.0], "(0, 4, 2)": [0.0, 0.0, 0.0, 0.0, 0.0, 0.0, 0.0, 0.0, 0.0, 0.0], "(0, 5, 0)": [-0.47619648341888454, 0.0, 0.0, 0.0, 0.6216886171621516, 0.0, -1.0, 0.0, 0.0, -1.0], "(0, 5, 1)": [0.0, 0.0, 0.0, 0.0, 0.0, 0.0, 0.0, 0.0, 0.0, 0.0], "(0, 5, 2)": [0.0, 0.0, 0.0, 0.0, 0.0, 0.0, 0.0, 0.0, 0.0, 0.0], "(0, 6, 0)": [0.0, 0.0, 0.0, 0.0, 0.6216822510544148, -0.5282714166900606, -1.0, -1.0, 0.0, 0.0], "(0, 6, 1)": [0.0, 0.0, 0.0, 0.0, 0.0, 0.0, 0.0, 0.0, 0.0, 0.0], "(0, 6, 2)": [0.0, 0.0, 0.0, 0.0, 0.0, 0.0, 0.0, 0.0, 0.0, 0.0], "(0, 7, 0)": [-0.5809303662785494, 0.46957926242324566, 0.0, 0.0, 0.0, 0.0, 0.0, -1.0, 0.0, -1.0], "(0, 7, 1)": [0.0, 0.0, 0.0, 0.0, 0.0, 0.0, 0.0, 0.0, 0.0, 0.0], "(0, 7, 2)": [0.0, 0.0, 0.0, 0.0, 0.0, 0.0, 0.0, 0.0, 0.0, 0.0], "(0, 8, 0)": [-0.4761629578488734, 0.46597173928042934, 0.0, 0.0, 0.0, 0.0, -0.5464148237404429, 0.0, 0.0, 0.0], "(0, 8, 1)": [0.0, 0.0, 0.0, 0.0, 0.0, 0.0, 0.0, 0.0, 0.0, 0.0], "(0, 8, 2)": [0.0, 0.0, 0.0, 0.0, 0.0, 0.0, 0.0, 0.0, 0.0, 0.0], "(0, 9, 0)": [-0.48035365418540144, 0.4689780085661095, 0.0, 0.0, 0.0, 0.0, -0.5312953178651243, 0.0, 0.0, 0.0], "(0, 9, 1)": [0.0, 0.0, 0.0, 0.0, 0.0, 0.0, 0.0, 0.0, 0.0, 0.0], "(0, 9, 2)": [0.0, 0.0, 0.0, 0.0, 0.0, 0.0, 0.0, 0.0, 0.0, 0.0], "(1, 0, 0)": [24.999999970983716, -1.2400000000000002, -1.0, -1.24992, -1.249984, -1.2, -1.2, -1.2400000000000002, -1.248, -1.249984], "(1, 0, 1)": [-0.4572896624175975, -0.7181931082755488, -0.6076553685311283, -0.5999170093222075, -0.45067906944503844, 0.8582350192836372, 0.6856672695843492, -0.7281131082755485, -0.7281771082755486, -0.43467686971918607], "(1, 0, 2)": [24.999999992456143, -1.249984, -1.2499968, -1.24999936, -1.249984, -1.24999936, -1.24999936, -1.2400000000000002, -1.2499968, -1.2499968], "(1, 1, 0)": [0.0, 0.0, 0.0, 0.0, 0.0, 0.0, 0.0, 0.0, 0.0, 0.0], "(1, 1, 1)": [-1.0, -1.0, -1.0, -1.0, -0.3529594542616803, 0.8239056185122916, 0.0, 0.0, 0.0, 0.0], "(1, 1, 2)": [0.0, 0.0, 0.0, 0.0, 0.0, 0.0, 0.0, 0.0, 0.0, 0.0], "(1, 2, 0)": [0.0, 0.0, 0.0, 0.0, 0.0, 0.0, 0.0, 0.0, 0.0, 0.0], "(1, 2, 1)": [0.0, 0.0, 0.0, -0.5830012665534309, 0.0, 0.0, 0.6845789645637607, -1.0, 0.0, -1.0], "(1, 2, 2)": [0.0, 0.0, 0.0, 0.0, 0.0, 0.0, 0.0, 0.0, 0.0, 0.0], "(1, 3, 0)": [0.0, 0.0, 0.0, 0.0, 0.0, 0.0, 0.0, 0.0, 0.0, 0.0], "(1, 3, 1)": [-0.3477430551264894, 0.0, 0.0, 0.0, -0.4781931082755486, 0.0, 0.6856672695843492, 0.0, -1.0, 0.0], "(1, 3, 2)": [0.0, 0.0, 0.0, 0.0, 0.0, 0.0, 0.0, 0.0, 0.0, 0.0], "(1, 4, 0)": [0.0, 0.0, 0.0, 0.0, 0.0, 0.0, 0.0, 0.0, 0.0, 0.0], "(1, 4, 1)": [0.0, 0.0, 0.0, 0.0, 0.0, 0.8579603840774663, 0.6582490043882314, 0.0, 0.0, 0.0], "(1, 4, 2)": [0.0, 0.0, 0.0, 0.0, 0.0, 0.0, 0.0, 0.0, 0.0, 0.0], "(1, 5, 0)": [0.0, 0.0, 0.0, 0.0, 0.0, 0.0, 0.0, 0.0, 0.0, 0.0], "(1, 5, 1)": [0.0, 0.0, 0.0, 0.0, 0.0, 0.0, 0.0, 0.0, 0.0, 0.0], "(1, 5, 2)": [0.0, 0.0, 0.0, 0.0, 0.0, 0.0, 0.0, 0.0, 0.0, 0.0], "(1, 6, 0)": [0.0, 0.0, 0.0, 0.0, 0.0, 0.0, 0.0, 0.0, 0.0, 0.0], "(1, 6, 1)": [0.0, 0.0, 0.0, 0.0, 0.0, 0.0, 0.0, 0.0, 0.0, 0.0], "(1, 6, 2)": [0.0, 0.0, 0.0, 0.0, 0.0, 0.0, 0.0, 0.0, 0.0, 0.0], "(1, 7, 0)": [0.0, 0.0, 0.0, 0.0, 0.0, 0.0, 0.0, 0.0, 0.0, 0.0], "(1, 7, 1)": [-0.34774138545130184, -1.0, -0.699730756664944, -0.4789195561422057, 0.0, 0.8239056185122916, 0.0, 0.0, 0.0, 0.0], "(1, 7, 2)": [0.0, 0.0, 0.0, 0.0, 0.0, 0.0, 0.0, 0.0, 0.0, 0.0], "(1, 8, 0)": [0.0, 0.0, 0.0, 0.0, 0.0, 0.0, 0.0, 0.0, 0.0, 0.0], "(1, 8, 1)": [-0.3738317299306584, -1.0, -0.49973075666494415, -0.49973075666494415, -0.3529594542616803, 0.8239056185122916, 0.0, 0.0, -1.0, -1.0], "(1, 8, 2)": [0.0, 0.0, 0.0, 0.0, 0.0, 0.0, 0.0, 0.0, 0.0, 0.0], "(1, 9, 0)": [0.0, 0.0, 0.0, 0.0, 0.0, 0.0, 0.0, 0.0, 0.0, 0.0], "(1, 9, 1)": [0.0, -1.0, 0.0, 0.0, 0.0, 0.8582350157683063, 0.0, 0.0, 0.0, 0.0], "(1, 9, 2)": [0.0, 0.0, 0.0, 0.0, 0.0, 0.0, 0.0, 0.0, 0.0, 0.0], "(2, 0, 0)": [24.999999965836935, -1.249984, -1.248, -1.248, -1.2, -1.249984, -1.0, -1.248, -1.24992, -1.24992], "(2, 0, 1)": [-0.1775290969075478, -0.14325949781712888, -0.45081057118251255, -0.45097427239120114, -0.3987396609208109, -0.4514623040172667, -1.2400000000000002, 0.8413380541282438, 1.1649900253206713, 0.8965626340162328], "(2, 0, 2)": [24.999999925800115, -1.24992, -1.2499968, -1.2496, -1.24999936, -1.24999936, -1.248, -1.248, -1.24992, -1.249984], "(2, 1, 0)": [0.0, 0.0, 0.0, 0.0, 0.0, 0.0, 0.0, 0.0, 0.0, 0.0], "(2, 1, 1)": [0.0, -0.11602420862707985, 0.0, 0.0, 0.0, -0.5656578163318795, 0.0, 0.6731135225680395, 1.1649900251297993, 0.0], "(2, 1, 2)": [0.0, 0.0, 0.0, 0.0, 0.0, 0.0, 0.0, 0.0, 0.0, 0.0], "(2, 2, 0)": [0.0, 0.0, 0.0, 0.0, 0.0, 0.0, 0.0, 0.0, 0.0, 0.0], "(2, 2, 1)": [-0.11460758075629918, -0.14462356928446374, 0.0, -1.0, -0.45488963942162586, 0.0, 0.0, 0.841389749246777, 0.0, 0.0], "(2, 2, 2)": [0.0, 0.0, 0.0, 0.0, 0.0, 0.0, 0.0, 0.0, 0.0, 0.0], "(2, 3, 0)": [0.0, 0.0, 0.0, 0.0, 0.0, 0.0, 0.0, 0.0, 0.0, 0.0], "(2, 3, 1)": [-0.11460767142047368, -0.11602420862707985, -1.0, -1.0, -1.0, -1.0, -1.0, 0.841389749246777, 0.0, 0.0], "(2, 3, 2)": [0.0, 0.0, 0.0, 0.0, 0.0, 0.0, 0.0, 0.0, 0.0, 0.0], "(2, 4, 0)": [0.0, 0.0, 0.0, 0.0, 0.0, 0.0, 0.0, 0.0, 0.0, 0.0], "(2, 4, 1)": [-1.0, -1.0, 0.0, -1.0, -1.0, -1.0, 0.0, 0.0, 0.0, 0.8965516170489451], "(2, 4, 2)": [0.0, 0.0, 0.0, 0.0, 0.0, 0.0, 0.0, 0.0, 0.0, 0.0], "(2, 5, 0)": [0.0, 0.0, 0.0, 0.0, 0.0, 0.0, 0.0, 0.0, 0.0, 0.0], "(2, 5, 1)": [-1.0, -0.1216907201102394, -1.0, -0.5605503386207968, -0.6548896394216257, -1.2, 0.0, 0.8413380541282438, 0.0, 0.0], "(2, 5, 2)": [0.0, 0.0, 0.0, 0.0, 0.0, 0.0, 0.0, 0.0, 0.0, 0.0], "(2, 6, 0)": [0.0, 0.0, 0.0, 0.0, 0.0, 0.0, 0.0, 0.0, 0.0, 0.0], "(2, 6, 1)": [-0.11460758438285723, -0.11460984736088298, -0.36565781633187955, 0.0, 0.0, -1.0, 0.0, 0.0, 0.0, 0.0], "(2, 6, 2)": [0.0, 0.0, 0.0, 0.0, 0.0, 0.0, 0.0, 0.0, 0.0, 0.0], "(2, 7, 0)": [0.0, 0.0, 0.0, 0.0, 0.0, 0.0, 0.0, 0.0, 0.0, 0.0], "(2, 7, 1)": [0.0, 0.0, 0.0, 0.0, 0.0, 0.0, 0.0, 0.0, 0.0, 0.0], "(2, 7, 2)": [0.0, 0.0, 0.0, 0.0, 0.0, 0.0, 0.0, 0.0, 0.0, 0.0], "(2, 8, 0)": [0.0, 0.0, 0.0, 0.0, 0.0, 0.0, 0.0, 0.0, 0.0, 0.0], "(2, 8, 1)": [0.0, 0.0, 0.0, 0.0, 0.0, 0.0, 0.0, 0.0, 0.0, 0.0], "(2, 8, 2)": [0.0, 0.0, 0.0, 0.0, 0.0, 0.0, 0.0, 0.0, 0.0, 0.0], "(2, 9, 0)": [0.0, 0.0, 0.0, 0.0, 0.0, 0.0, 0.0, 0.0, 0.0, 0.0], "(2, 9, 1)": [0.0, 0.0, 0.0, 0.0, 0.0, 0.0, 0.0, 0.0, 0.0, 0.0], "(2, 9, 2)": [0.0, 0.0, 0.0, 0.0, 0.0, 0.0, 0.0, 0.0, 0.0, 0.0]}