{"(0, 0, 0)": [-2.0687367394620466, 0.46957926242324566, 0.6892592659892277, 0.5471524878680081, 0.6216504205157298, -1.249984, -1.2499968, -1.24992, -1.2, -1.2496], "(0, 0, 1)": [13.009978554250354, -1.2499968, -1.24992, -1.248, -1.2496, -1.24992, -1.24999936, -1.249984, -1.248, -1.2400000000000002], "(0, 0, 2)": [19.24286495280268, -1.2400000000000002, -1.249984, -1.248, -1.2, -1.248, -1.2499968, -1.24992, -1.248, -1.2496], "(0, 1, 0)": [0.0, 0.0, 0.0, 0.0, 0.0, 0.0, 0.0, 0.0, 0.0, 0.0], "(0, 1, 1)": [0.0, 0.0, 0.0, 0.0, 0.0, 0.0, 0.0, 0.0, 0.0, 0.0], "(0, 1, 2)": [0.0, 0.0, 0.0, 0.0, 0.0, 0.0, 0.0, 0.0, 0.0, 0.0], "(0, 2, 0)": [0.0, 0.0, 0.0, 0.0, 0.0, 0.0, 0.0, 0.0, 0.0, 0.0], "(0, 2, 1)": [0.0, 0.0, 0.0, 0.0, 0.0, 0.0, 0.0, 0.0, 0.0, 0.0], "(0, 2, 2)": [0.0, 0.0, 0.0, 0.0, 0.0, 0.0, 0.0, 0.0, 0.0, 0.0], "(0, 3, 0)": [0.0, 0.0, 0.0, 0.0, 0.0, 0.0, 0.0, 0.0, 0.0, 0.0], "(0, 3, 1)": [0.0, 0.0, 0.0, 0.0, 0.0, 0.0, 0.0, 0.0, 0.0, 0.0], "(0, 3, 2)": [0.0, 0.0, 0.0, 0.0, 0.0, 0.0, 0.0, 0.0, 0.0, 0.0], "(0, 4, 0)": [0.0, 0.0, 0.0, 0.0, 0.0, 0.0, 0.0, 0.0, 0.0, 0.0], "(0, 4, 1)": [0.0, 0.0, 0.0, 0.0, 0.0, 0.0, 0.0, 0.0, 0.0, 0.0], "(0, 4, 2)": [0.0, 0.0, 0.0, 0.0, 0.0, 0.0, 0.0, 0.0, 0.0, 0.0], "(0, 5, 0)": [0.0, 0.0, 0.0, 0.0, 0.0, -1.25, 0.0, 0.0, 0.0, 0.0], "(0, 5, 1)": [0.0, 0.0, 0.0, 0.0, 0.0, 0.0, 0.0, 0.0, 0.0, 0.0], "(0, 5, 2)": [0.0, 0.0, 0.0, 0.0, 0.0, 0.0, 0.0, 0.0, 0.0, 0.0], "(0, 6, 0)": [0.0, 0.0, 0.0, 0.0, 0.0, 0.0, -1.25, 0.0, 0.0, 0.0], "(0, 6, 1)": [0.0, 0.0, 0.0, 0.0, 0.0, 0.0, 0.0, 0.0, 0.0, 0.0], "(0, 6, 2)": [0.0, 0.0, 0.0, 0.0, 0.0, 0.0, 0.0, 0.0, 0.0, 0.0], "(0, 7, 0)": [0.0, 0.0, 0.0, 0.0, 0.0, 0.0, 0.0, -1.25, 0.0, 0.0], "(0, 7, 1)": [0.0, 0.0, 0.0, 0.0, 0.0, 0.0, 0.0, 0.0, 0.0, 0.0], "(0, 7, 2)": [0.0, 0.0, 0.0, 0.0, 0.0, 0.0, 0.0, 0.0, 0.0, 0.0], "(0, 8, 0)": [0.0, 0.0, 0.0, 0.0, 0.0, 0.0, 0.0, 0.0, -1.25, 0.0], "(0, 8, 1)": [0.0, 0.0, 0.0, 0.0, 0.0, 0.0, 0.0, 0.0, 0.0, 0.0], "(0, 8, 2)": [0.0, 0.0, 0.0, 0.0, 0.0, 0.0, 0.0, 0.0, 0.0, 0.0], "(0, 9, 0)": [0.0, 0.0, 0.0, 0.0, 0.0, 0.0, 0.0, 0.0, 0.0, -1.25], "(0, 9, 1)": [0.0, 0.0, 0.0, 0.0, 0.0, 0.0, 0.0, 0.0, 0.0, 0.0], "(0, 9, 2)": [0.0, 0.0, 0.0, 0.0, 0.0, 0.0, 0.0, 0.0, 0.0, 0.0], "(1, 0, 0)": [18.213412931791293, -1.2499968, -1.2496, -1.24992, -1.248, -1.249984, -1.2400000000000002, -1.2400000000000002, -1.24999936, -1.2496], "(1, 0, 1)": [-0.43468083346565045, -1.249984, -1.249999872, -1.249999872, -1.2, 0.8582350192836372, 0.6856742909070627, -1.24992, -2.19992, -1.2496], "(1, 0, 2)": [24.824261307528896, -1.2499968, -1.248, -1.249999872, -1.2496, -1.2400000000000002, -1.24992, -1.24992, -1.249984, -1.2496], "(1, 1, 0)": [0.0, 0.0, 0.0, 0.0, 0.0, 0.0, 0.0, 0.0, 0.0, 0.0], "(1, 1, 1)": [0.0, -1.25, 0.0, 0.0, 0.0, 0.0, 0.0, 0.0, 0.0, 0.0], "(1, 1, 2)": [0.0, 0.0, 0.0, 0.0, 0.0, 0.0, 0.0, 0.0, 0.0, 0.0], "(1, 2, 0)": [0.0, 0.0, 0.0, 0.0, 0.0, 0.0, 0.0, 0.0, 0.0, 0.0], "(1, 2, 1)": [0.0, 0.0, -1.25, 0.0, 0.0, 0.0, 0.0, 0.0, 0.0, 0.0], "(1, 2, 2)": [0.0, 0.0, 0.0, 0.0, 0.0, 0.0, 0.0, 0.0, 0.0, 0.0], "(1, 3, 0)": [0.0, 0.0, 0.0, 0.0, 0.0, 0.0, 0.0, 0.0, 0.0, 0.0], "(1, 3, 1)": [0.0, 0.0, 0.0, -1.25, 0.0, 0.0, 0.0, 0.0, 0.0, 0.0], "(1, 3, 2)": [0.0, 0.0, 0.0, 0.0, 0.0, 0.0, 0.0, 0.0, 0.0, 0.0], "(1, 4, 0)": [0.0, 0.0, 0.0, 0.0, 0.0, 0.0, 0.0, 0.0, 0.0, 0.0], "(1, 4, 1)": [0.0, 0.0, 0.0, 0.0, -1.25, 0.0, 0.0, 0.0, 0.0, 0.0], "(1, 4, 2)": [0.0, 0.0, 0.0, 0.0, 0.0, 0.0, 0.0, 0.0, 0.0, 0.0], "(1, 5, 0)": [0.0, 0.0, 0.0, 0.0, 0.0, 0.0, 0.0, 0.0, 0.0, 0.0], "(1, 5, 1)": [0.0, 0.0, 0.0, 0.0, 0.0, 0.0, 0.0, 0.0, 0.0, 0.0], "(1, 5, 2)": [0.0, 0.0, 0.0, 0.0, 0.0, 0.0, 0.0, 0.0, 0.0, 0.0], "(1, 6, 0)": [0.0, 0.0, 0.0, 0.0, 0.0, 0.0, 0.0, 0.0, 0.0, 0.0], "(1, 6, 1)": [0.0, 0.0, 0.0, 0.0, 0.0, 0.0, 0.0, 0.0, 0.0, 0.0], "(1, 6, 2)": [0.0, 0.0, 0.0, 0.0, 0.0, 0.0, 0.0, 0.0, 0.0, 0.0], "(1, 7, 0)": [0.0, 0.0, 0.0, 0.0, 0.0, 0.0, 0.0, 0.0, 0.0, 0.0], "(1, 7, 1)": [0.0, 0.0, 0.0, 0.0, 0.0, 0.0, 0.0, -1.25, 0.0, 0.0], "(1, 7, 2)": [0.0, 0.0, 0.0, 0.0, 0.0, 0.0, 0.0, 0.0, 0.0, 0.0], "(1, 8, 0)": [0.0, 0.0, 0.0, 0.0, 0.0, 0.0, 0.0, 0.0, 0.0, 0.0], "(1, 8, 1)": [0.0, 0.0, 0.0, 0.0, 0.0, 0.0, 0.0, 0.0, -1.25, 0.0], "(1, 8, 2)": [0.0, 0.0, 0.0, 0.0, 0.0, 0.0, 0.0, 0.0, 0.0, 0.0], "(1, 9, 0)": [0.0, 0.0, 0.0, 0.0, 0.0, 0.0, 0.0, 0.0, 0.0, 0.0], "(1, 9, 1)": [0.0, 0.0, 0.0, 0.0, 0.0, 0.0, 0.0, 0.0, 0.0, -1.25], "(1, 9, 2)": [0.0, 0.0, 0.0, 0.0, 0.0, 0.0, 0.0, 0.0, 0.0, 0.0], "(2, 0, 0)": [7.621572629607669, -1.2400000000000002, -1.248, -1.249984, -1.249984, -1.2400000000000002, -1.24999936, -1.2496, -1.24999936, -1.248], "(2, 0, 1)": [-0.14325949630800405, -1.2400000000000002, -1.2499968, -1.2496, -1.24999936, -1.2496, -1.249984, 0.8413380541282438, 1.1649900253206713, 0.8951285921076461], "(2, 0, 2)": [15.736559170369581, -1.249984, -1.24992, -1.248, -1.2499968, -1.24999936, -1.249984, -1.2, -1.248, -1.249999872], "(2, 1, 0)": [0.0, 0.0, 0.0, 0.0, 0.0, 0.0, 0.0, 0.0, 0.0, 0.0], "(2, 1, 1)": [0.0, -1.25, 0.0, 0.0, 0.0, 0.0, 0.0, 0.0, 0.0, 0.0], "(2, 1, 2)": [0.0, 0.0, 0.0, 0.0, 0.0, 0.0, 0.0, 0.0, 0.0, 0.0], "(2, 2, 0)": [0.0, 0.0, 0.0, 0.0, 0.0, 0.0, 0.0, 0.0, 0.0, 0.0], "(2, 2, 1)": [0.0, 0.0, -1.25, 0.0, 0.0, 0.0, 0.0, 0.0, 0.0, 0.0], "(2, 2, 2)": [0.0, 0.0, 0.0, 0.0, 0.0, 0.0, 0.0, 0.0, 0.0, 0.0], "(2, 3, 0)": [0.0, 0.0, 0.0, 0.0, 0.0, 0.0, 0.0, 0.0, 0.0, 0.0], "(2, 3, 1)": [0.0, 0.0, 0.0, -1.25, 0.0, 0.0, 0.0, 0.0, 0.0, 0.0], "(2, 3, 2)": [0.0, 0.0, 0.0, 0.0, 0.0, 0.0, 0.0, 0.0, 0.0, 0.0], "(2, 4, 0)": [0.0, 0.0, 0.0, 0.0, 0.0, 0.0, 0.0, 0.0, 0.0, 0.0], "(2, 4, 1)": [0.0, 0.0, 0.0, 0.0, -1.25, 0.0, 0.0, 0.0, 0.0, 0.0], "(2, 4, 2)": [0.0, 0.0, 0.0, 0.0, 0.0, 0.0, 0.0, 0.0, 0.0, 0.0], "(2, 5, 0)": [0.0, 0.0, 0.0, 0.0, 0.0, 0.0, 0.0, 0.0, 0.0, 0.0], "(2, 5, 1)": [0.0, 0.0, 0.0, 0.0, 0.0, -1.25, 0.0, 0.0, 0.0, 0.0], "(2, 5, 2)": [0.0, 0.0, 0.0, 0.0, 0.0, 0.0, 0.0, 0.0, 0.0, 0.0], "(2, 6, 0)": [0.0, 0.0, 0.0, 0.0, 0.0, 0.0, 0.0, 0.0, 0.0, 0.0], "(2, 6, 1)": [0.0, 0.0, 0.0, 0.0, 0.0, 0.0, -1.25, 0.0, 0.0, 0.0], "(2, 6, 2)": [0.0, 0.0, 0.0, 0.0, 0.0, 0.0, 0.0, 0.0, 0.0, 0.0], "(2, 7, 0)": [0.0, 0.0, 0.0, 0.0, 0.0, 0.0, 0.0, 0.0, 0.0, 0.0], "(2, 7, 1)": [0.0, 0.0, 0.0, 0.0, 0.0, 0.0, 0.0, 0.0, 0.0, 0.0], "(2, 7, 2)": [0.0, 0.0, 0.0, 0.0, 0.0, 0.0, 0.0, 0.0, 0.0, 0.0], "(2, 8, 0)": [0.0, 0.0, 0.0, 0.0, 0.0, 0.0, 0.0, 0.0, 0.0, 0.0], "(2, 8, 1)": [0.0, 0.0, 0.0, 0.0, 0.0, 0.0, 0.0, 0.0, 0.0, 0.0], "(2, 8, 2)": [0.0, 0.0, 0.0, 0.0, 0.0, 0.0, 0.0, 0.0, 0.0, 0.0], "(2, 9, 0)": [0.0, 0.0, 0.0, 0.0, 0.0, 0.0, 0.0, 0.0, 0.0, 0.0], "(2, 9, 1)": [0.0, 0.0, 0.0, 0.0, 0.0, 0.0, 0.0, 0.0, 0.0, 0.0], "(2, 9, 2)": [0.0, 0.0, 0.0, 0.0, 0.0, 0.0, 0.0, 0.0, 0.0, 0.0]}